{"cameraMode":{"drawMode":0,"name":"Shaded","section":"Shading Mode"},"sceneLighting":true,"audioPlay":false,"sceneViewState":{"m_AlwaysRefresh":false,"showFog":true,"showSkybox":true,"showFlares":true,"showImageEffects":true,"showParticleSystems":true,"showVisualEffectGraphs":true,"m_FxEnabled":true},"in2DMode":false,"pivot":{"x":-414.5295715332031,"y":26.766319274902345,"z":-67.3390121459961},"rotation":{"x":0.13305534422397614,"y":0.026756519451737405,"z":-0.0035932939499616625,"w":0.9907423257827759},"size":57.59351348876953,"orthographic":true}