{"cameraMode":{"drawMode":0,"name":"Shaded","section":"Shading Mode"},"sceneLighting":true,"audioPlay":false,"sceneViewState":{"m_AlwaysRefresh":false,"showFog":true,"showSkybox":true,"showFlares":true,"showImageEffects":true,"showParticleSystems":true,"showVisualEffectGraphs":true,"m_FxEnabled":true},"in2DMode":false,"pivot":{"x":-438.4441833496094,"y":24.225385665893556,"z":-69.22705841064453},"rotation":{"x":0.14643438160419465,"y":0.022538481280207635,"z":-0.0033364908304065468,"w":0.9889708757400513},"size":56.286563873291019,"orthographic":true}