{"cameraMode":{"drawMode":0,"name":"Shaded","section":"Shading Mode"},"sceneLighting":true,"audioPlay":false,"sceneViewState":{"m_AlwaysRefresh":false,"showFog":true,"showSkybox":true,"showFlares":true,"showImageEffects":true,"showParticleSystems":true,"showVisualEffectGraphs":true,"m_FxEnabled":true},"in2DMode":false,"pivot":{"x":-428.5422058105469,"y":17.317197799682618,"z":-116.73186492919922},"rotation":{"x":0.17441228032112122,"y":0.04576921463012695,"z":-0.008116062730550766,"w":0.9835772514343262},"size":45.67781448364258,"orthographic":true}